{
	"AA - 12 states Dev": {
		"businessUnit": "S",
		"queueManager": "MQAA",
		"queueName": "LASRQL.IMA7.LASRGUI.TO.LASR",
		"readQueueName": "LASRQL.IMA7.LASR.TO.LASRGUI",	
		"channel": "CL.TLS12.MQAA",
		"port": "4282",
		"hostName": "MVSMQAA.SBC.COM",
		"replyToQueueName": "LASR.LASRRT0.REPLY.1",
		"replyToQueueManagerName":"MQAA"
		
	},
	"B1 - 12 states Dev": {
		"queueManager": "MQAA",
		"queueName": "LASRQL.IA3A.LASRGUI.TO.LASRRT0",
		"readQueueName": "LASRQL.IA3A.LASR.TO.LASRGUI",	
		"channel": "CL.TLS12.MQAA",
		"port": "4282",
		"hostName": "MVSMQAA.SBC.COM",
		"replyToQueueName": "LASR.LASRRT0.REPLY.1",
		"replyToQueueManagerName":"MQAA",
		"businessUnit" : "S"

	},
	"A0 - 12 states Dev": {
		"queueManager": "MQAA",
		"queueName": "LASRQL.IMA0.LASRGUI.TO.LASRRT0",
		"readQueueName": "LASRQL.IMA0.LASR.TO.LASRGUI",	
		"channel": "CL.TLS12.MQAA",
		"port": "4282",
		"hostName": "MVSMQAA.SBC.COM",
		"replyToQueueName": "LASR.LASRRT0.REPLY.1",
		"replyToQueueManagerName":"MQAA",
		"businessUnit" : "S"

	},
	"D3 - 9 states Dev": {
		"queueManager": "D602",
		"queueName": "LASRQL.DI23.LASRGUI.TO.LASRRT0",
		"readQueueName": "LASRQL.DI23.LASR.TO.LASRGUI.NEW",	
		"channel": "CL.TLS12.D602",
		"port": "8266",
		"hostName": "RM11.MVS.SBC.COM",
		"replyToQueueName": "LASRQL.LASRRT0.REPLY.1",
		"replyToQueueManagerName":"D602",
		"businessUnit" : "B"
	},
	"D2 - 9 states Dev": {
		"queueManager": "D601",
		"queueName": "LASRQL.DI05.LASRGUI.TO.LASRRT0",
		"readQueueName": "LASRQL.DI05.LASR.TO.LASRGUI.NEW",	
		"channel": "CL.TLS12.D601",
		"port": "8265",
		"hostName": "RM21.MVS.SBC.COM",
		"replyToQueueName": "LASRQL.LASRRT0.REPLY.1",
		"replyToQueueManagerName":"D601",
		"businessUnit" : "B"
	},
	"A2 - SW Clec Test": {
		"queueManager": "MQAA",
		"queueName": "LASRQL.IA2A.LASRGUI.TO.LASR",
		"readQueueName": "LASRQL.IA2A.LASR.TO.LASRGUI",	
		"channel": "CL.TLS12.MQAA",
		"port": "4282",
		"hostName": "MVSMQAA.SBC.COM",
		"replyToQueueName": "LASR.LASRRT0.REPLY.1",
		"replyToQueueManagerName":"MQAA",
		"businessUnit" : "S"
	},
	"AH - SW prod mirror": {
		"queueManager": "MQAH",
		"queueName": "LASRQL.SL.LASRGUI.TO.LASRRT0",
		"readQueueName": "LASRQL.IMA8.LASR.TO.LASRGUI",	
		"channel": "CL.TLS12.MQAH",
		"port": "8263",
		"hostName": "MVSHA00.SBC.COM",
		"replyToQueueName": "LASR.LASRRT0.REPLY.1",
		"replyToQueueManagerName":"MQAH",
		"businessUnit" : "S"
	},
	"A5 - SW System Test": {
		"queueManager": "MQAH",
		"queueName": "LASRQL.IMA5.LASRGUI.TO.LASRD",
		"readQueueName": "LASRQL.IMA5.LASR.TO.LASRGUI",	
		"channel": "CL.TLS12.MQAH",
		"port": "8263",
		"hostName": "MVSHA00.SBC.COM",
		"replyToQueueName": "LASR.LASRRT0.REPLY.1",
		"replyToQueueManagerName":"MQAH",
		"businessUnit" : "S"
	},
	"P1 - W Clec Test": {
		"queueManager": "MQDT",
		"queueName": "LASRQL.PIT1.LASRGUI.TO.LASR",
		"readQueueName": "LASRQL.PIT1.LASR.TO.LASRGUI",	
		"channel": "CL.TLS12.MQDT",
		"port": "4281",
		"hostName": "MVSCAST.SBC.COM",
		"replyToQueueName": "LASR.LASRRT0.REPLY.1",
		"replyToQueueManagerName":"MQDT",
		"businessUnit" : "P"
	},
		"T1 - MW Clec Test": {
		"queueManager": "MQDT",
		"queueName": "LASRQL.PIT1.LASRGUI.TO.LASR",
		"readQueueName": "LASRQL.PIT1.LASR.TO.LASRGUI",	
		"channel": "CL.TLS12.MQDT",
		"port": "4281",
		"hostName": "MVSCAST.SBC.COM",
		"replyToQueueName": "LASR.LASRRT0.REPLY.1",
		"replyToQueueManagerName":"MQDT",
		"businessUnit" : "A"
	},
    "P2 - W prod mirror": {
		"queueManager": "MQDT",
		"queueName": "LASRQL.SR.ILPDEV.LASRGUI.TO.LASRRT0",
		"readQueueName": "LASRQL.PIT2.LASR.TO.LASRGU",	
		"channel": "CL.TLS12.MQDT",
		"port": "4281",
		"hostName": "MVSCAST.SBC.COM",
		"replyToQueueName": "LASR.LASRRT0.REPLY.1",
		"replyToQueueManagerName":"MQDT",
		"businessUnit" : "P"
	},
	  "T2 - MW prod mirror": {
		"queueManager": "MQDT",
		"queueName": "LASRQL.SR.ILPDEV.LASRGUI.TO.LASRRT0",
		"readQueueName": "LASRQL.PIT2.LASR.TO.LASRGU",	
		"channel": "CL.TLS12.MQDT",
		"port": "4281",
		"hostName": "MVSCAST.SBC.COM",
		"replyToQueueName": "LASR.LASRRT0.REPLY.1",
		"replyToQueueManagerName":"MQDT",
		"businessUnit" : "A"
	},
	 "P3 - W System Test": {
		"queueManager": "MQDT",
		"queueName": "LASRQL.PIT3.LASRGUI.TO.LASRD",
		"readQueueName": "LASRQL.PIT3.LASR.TO.LASRGUI",	
		"channel": "CL.TLS12.MQDT",
		"port": "4281",
		"hostName": "MVSCAST.SBC.COM",
		"replyToQueueName": "LASR.LASRRT0.REPLY.1",
		"replyToQueueManagerName":"MQDT",
		"businessUnit" : "P"
	},
	 "T3 - MW System Test": {
		"queueManager": "MQDT",
		"queueName": "LASRQL.PIT3.LASRGUI.TO.LASRD",
		"readQueueName": "LASRQL.PIT3.LASR.TO.LASRGUI",	
		"channel": "CL.TLS12.MQDT",
		"port": "4281",
		"hostName": "MVSCAST.SBC.COM",
		"replyToQueueName": "LASR.LASRRT0.REPLY.1",
		"replyToQueueManagerName":"MQDT",
		"businessUnit" : "A"
	},
	
	 "D8 - SE RS2": {
		"queueManager": "D602",
		"queueName": "LASRQL.DI48.LASRGUI.TO.LASRRT0",
		"readQueueName": "LASRQL.DI48.LASR.TO.LASRGUI.NEW",	
		"channel": "CL.TLS12.D602",
		"port": "8266",
		"hostName": "RM11.MVS.SBC.COM",
		"replyToQueueName": "LASRQL.LASRRT0.REPLY.1",
		"replyToQueueManagerName":"D602",
		"businessUnit" : "B"
	},
	
	"D5 - SE ST2": {
		"queueManager": "D602",
		"queueName": "LASRQL.DI53.LASRGUI.TO.LASRD",
		"readQueueName": "LASRQL.DI53.LASR.TO.LASRGUI.NEW",	
		"channel": "CL.TLS12.D602",
		"port": "8266",
		"hostName": "RM11.MVS.SBC.COM",
		"replyToQueueName": "LASRQL.LASRRT0.REPLY.1",
		"replyToQueueManagerName":"D602",
		"businessUnit" : "B"
	},
	"D6 - SE RS1": {
		"queueManager": "D601",
		"queueName": "LASRQL.DI26.LASRGUI.TO.LASRRT0",
		"readQueueName": "LASRQL.DI26.LASR.TO.LASRGUI.NEW",	
		"channel": "CL.TLS12.D601",
		"port": "8265",
		"hostName": "RM21.MVS.SBC.COM",
		"replyToQueueName": "LASR.LASRRT0.REPLY.1",
		"replyToQueueManagerName":"D601",
		"businessUnit" : "B"
	},
	"D7 - SE ST1": {
		"queueManager": "D601",
		"queueName": "LASRQL.DI27.LASRGUI.TO.LASRRT0",
		"readQueueName": "LASRQL.DI27.LASR.TO.LASRGUI.NEW",	
		"channel": "CL.TLS12.D601",
		"port": "8265",
		"hostName": "RM21.MVS.SBC.COM",
		"replyToQueueName": "LASR.LASRRT0.REPLY.1",
		"replyToQueueManagerName":"D601",
		"businessUnit" : "B"
	},
	"D9 - SE CAVE/CLEC": {
		"queueManager": "D602",
		"queueName": "LASRQL.DI19.LASRGUI.TO.LASR",
		"readQueueName": "LASRQL.DI19.LASR.TO.LASRGUI.NEW",	
		"channel": "CL.TLS12.D602",
		"port": "8266",
		"hostName": "RM11.MVS.SBC.COM",
		"replyToQueueName": "LASRQL.LASRRT0.REPLY.1",
		"replyToQueueManagerName":"D602",
		"businessUnit" : "B"
	},
	"SW Production": {
		"queueManager": "MQTB",
		"queueName": "LASRQL.IMT4.LASRGUI.TO.LASR",
		"readQueueName": "LASRQL.IMT4.LASR.TO.LASRGUI",	
		"channel": "CL.TLS12.MQTB",
		"port": "5608",
		"hostName": "MVSBT00.MVS.SBC.COM",
		"replyToQueueName": "LASR.LASRRT0.REPLY.1",
		"replyToQueueManagerName":"MQTB",
		"businessUnit" : "S"
	},
	"W Production": {
		"queueManager": "MQSF",
		"queueName": "LASRQL.PICS.LASRGUI.TO.LASR",
		"readQueueName": "LASRQL.PICS.LASR.TO.LASRGUI",	
		"channel": "CL.TLS12.MQSF",
		"port": "5609",
		"hostName": "SBJFSTL.MVS.SBC.COM",
		"replyToQueueName": "LASR.LASRRT0.REPLY.1",
		"replyToQueueManagerName":"MQSF",
		"businessUnit" : "P"
	},
	"MW Production": {
		"queueManager": "MQCJ",
		"queueName": "LASRQL.IMC8.LASRGUI.TO.LASR",
		"readQueueName": "LASRQL.IMC8.LASR.TO.LASRGUI",	
		"channel": "CL.TLS12.MQCJ",
		"port": "5610",
		"hostName": "MVSJC00.MVS.SBC.COM",
		"replyToQueueName": "LASR.LASRRT0.REPLY.1",
		"replyToQueueManagerName":"MQCJ",
		"businessUnit" : "A"
	},
	"SE Production": {
		"queueManager": "MQCE",
		"queueName": "LASRQL.IMC3.LASRGUI.TO.LASR",
		"readQueueName": "LASRQL.IMC3.LASR.TO.LASRGUI.NEW",	
		"channel": "CL.TLS12.MQCE",
		"port": "6265",
		"hostName": "MVSEC00.MVS.SBC.COM",
		"replyToQueueName": "LASRQL.LASRRT0.REPLY.1",
		"replyToQueueManagerName":"MQCE",
		"businessUnit" : "B"
	}
	

}